<?xml version="1.0" encoding="UTF-8"?>
<config xmlns="http://www.knime.org/2008/09/XMLConfig" xmlns:xsi="http://www.w3.org/2001/XMLSchema-instance" xsi:schemaLocation="http://www.knime.org/2008/09/XMLConfig http://www.knime.org/XMLConfig_2008_09.xsd" key="MiningSchema">
<config key="learning">
<entry key="array-size" type="xint" value="9"/>
<entry key="0" type="xstring" value="LotArea"/>
<entry key="1" type="xstring" value="Neighborhood"/>
<entry key="2" type="xstring" value="OverallQual"/>
<entry key="3" type="xstring" value="OverallCond"/>
<entry key="4" type="xstring" value="TotRmsAbvGrd"/>
<entry key="5" type="xstring" value="Fireplaces"/>
<entry key="6" type="xstring" value="GarageArea"/>
<entry key="7" type="xstring" value="AgeFromBuilt"/>
<entry key="8" type="xstring" value="AgeFromRemod"/>
</config>
<config key="target">
<entry key="array-size" type="xint" value="1"/>
<entry key="0" type="xstring" value="SalePrice"/>
</config>
</config>
