<?xml version="1.0" encoding="UTF-8"?>
<config xmlns="http://www.knime.org/2008/09/XMLConfig" xmlns:xsi="http://www.w3.org/2001/XMLSchema-instance" xsi:schemaLocation="http://www.knime.org/2008/09/XMLConfig http://www.knime.org/XMLConfig_2008_09.xsd" key="MiningSchema">
<config key="learning">
<entry key="array-size" type="xint" value="19"/>
<entry key="0" type="xstring" value="tenure"/>
<entry key="1" type="xstring" value="PhoneService"/>
<entry key="2" type="xstring" value="MultipleLines"/>
<entry key="3" type="xstring" value="InternetService"/>
<entry key="4" type="xstring" value="OnlineSecurity"/>
<entry key="5" type="xstring" value="OnlineBackup"/>
<entry key="6" type="xstring" value="DeviceProtection"/>
<entry key="7" type="xstring" value="TechSupport"/>
<entry key="8" type="xstring" value="StreamingTV"/>
<entry key="9" type="xstring" value="StreamingMovies"/>
<entry key="10" type="xstring" value="Contract"/>
<entry key="11" type="xstring" value="PaperlessBilling"/>
<entry key="12" type="xstring" value="PaymentMethod"/>
<entry key="13" type="xstring" value="MonthlyCharges"/>
<entry key="14" type="xstring" value="TotalCharges"/>
<entry key="15" type="xstring" value="gender"/>
<entry key="16" type="xstring" value="SeniorCitizen"/>
<entry key="17" type="xstring" value="Partner"/>
<entry key="18" type="xstring" value="Dependents"/>
</config>
<config key="target">
<entry key="array-size" type="xint" value="1"/>
<entry key="0" type="xstring" value="Churn"/>
</config>
</config>
