<?xml version="1.0" encoding="UTF-8"?>
<config xmlns="http://www.knime.org/2008/09/XMLConfig" xmlns:xsi="http://www.w3.org/2001/XMLSchema-instance" xsi:schemaLocation="http://www.knime.org/2008/09/XMLConfig http://www.knime.org/XMLConfig_2008_09.xsd" key="model.xml">
<entry key="version" type="xint" value="1"/>
<entry key="class_name" type="xstring" value="org.knime.base.data.normalize.NormalizerPortObject"/>
<config key="model">
<config key="columns">
<config key="dimensione_carrello">
<entry key="column_name" type="xstring" value="dimensione_carrello"/>
<entry key="column_scale" type="xdouble" value="0.001243265644426026"/>
<entry key="column_translate" type="xdouble" value="-0.002486531288852052"/>
<entry key="column_min" type="xdouble" value="0.0"/>
<entry key="column_max" type="xdouble" value="1.0"/>
</config>
<config key="frequenza_acquisti">
<entry key="column_name" type="xstring" value="frequenza_acquisti"/>
<entry key="column_scale" type="xdouble" value="0.0625"/>
<entry key="column_translate" type="xdouble" value="-0.0625"/>
<entry key="column_min" type="xdouble" value="0.0"/>
<entry key="column_max" type="xdouble" value="1.0"/>
</config>
<config key="Prezzo Medio">
<entry key="column_name" type="xstring" value="Prezzo Medio"/>
<entry key="column_scale" type="xdouble" value="0.18132666684882445"/>
<entry key="column_translate" type="xdouble" value="-0.052584733386159085"/>
<entry key="column_min" type="xdouble" value="0.0"/>
<entry key="column_max" type="xdouble" value="1.0"/>
</config>
<config key="numero_articoli">
<entry key="column_name" type="xstring" value="numero_articoli"/>
<entry key="column_scale" type="xdouble" value="0.0038910505836575876"/>
<entry key="column_translate" type="xdouble" value="-0.0038910505836575876"/>
<entry key="column_min" type="xdouble" value="0.0"/>
<entry key="column_max" type="xdouble" value="1.0"/>
</config>
</config>
<entry key="summary" type="xstring" value="Min/Max (0.0, 1) normalization on 4 column(s)"/>
</config>
</config>
